{"cameraMode":{"drawMode":0,"name":"Shaded","section":"Shading Mode"},"sceneLighting":true,"audioPlay":false,"sceneViewState":{"showFog":true,"showMaterialUpdate":false,"showSkybox":true,"showFlares":true,"showImageEffects":true,"showParticleSystems":true},"in2DMode":false,"pivot":{"x":3.0443484783172609,"y":-3.054476022720337,"z":-3.9894044399261476},"rotation":{"x":0.027177738025784494,"y":0.9240800738334656,"z":-0.37532904744148257,"w":0.0669311136007309},"size":10.0,"orthographic":false}